,symboling,normalized-losses,make,num-of-doors,body-style,drive-wheels,engine-location,wheel-base,length,width,height,curb-weight,engine-type,num-of-cylinders,engine-size,fuel-system,bore,stroke,compression-ratio,horsepower,peak-rpm,city-mpg,highway-L/100km,price,city-L/100km,horsepower-binned,fuel-type-diesel,fuel-type-gas,aspiration-std,aspiration-turbo
0,3,122,alfa-romero,two,convertible,rwd,front,88.6,0.8111484863046613,0.8902777777777777,0.8160535117056856,2548,dohc,four,130,mpfi,3.47,2.68,9.0,111.0,5000.0,21,8.666666666666666,13495.0,11.19047619047619,low,False,True,True,False
1,3,122,alfa-romero,two,convertible,rwd,front,88.6,0.8111484863046613,0.8902777777777777,0.8160535117056856,2548,dohc,four,130,mpfi,3.47,2.68,9.0,111.0,5000.0,21,8.666666666666666,16500.0,11.19047619047619,low,False,True,True,False
2,1,122,alfa-romero,two,hatchback,rwd,front,94.5,0.8226814031715521,0.9097222222222222,0.8762541806020067,2823,ohcv,six,152,mpfi,2.68,3.47,9.0,154.0,5000.0,19,9.0,16500.0,12.368421052631579,mid,False,True,True,False
3,2,164,audi,four,sedan,fwd,front,99.8,0.8486304661220567,0.9194444444444445,0.9080267558528428,2337,ohc,four,109,mpfi,3.19,3.4,10.0,102.0,5500.0,24,7.8,13950.0,9.791666666666666,low,False,True,True,False
4,2,164,audi,four,sedan,4wd,front,99.4,0.8486304661220567,0.9222222222222223,0.9080267558528428,2824,ohc,five,136,mpfi,3.19,3.4,8.0,115.0,5500.0,18,10.636363636363637,17450.0,13.055555555555555,low,False,True,True,False
5,2,122,audi,two,sedan,fwd,front,99.8,0.8519942335415667,0.9208333333333333,0.8879598662207359,2507,ohc,five,136,mpfi,3.19,3.4,8.5,110.0,5500.0,19,9.36,15250.0,12.368421052631579,low,False,True,True,False
6,1,158,audi,four,sedan,fwd,front,105.8,0.9259971167707832,0.9916666666666667,0.931438127090301,2844,ohc,five,136,mpfi,3.19,3.4,8.5,110.0,5500.0,19,9.36,17710.0,12.368421052631579,low,False,True,True,False
7,1,122,audi,four,wagon,fwd,front,105.8,0.9259971167707832,0.9916666666666667,0.931438127090301,2954,ohc,five,136,mpfi,3.19,3.4,8.5,110.0,5500.0,19,9.36,18920.0,12.368421052631579,low,False,True,True,False
8,1,158,audi,four,sedan,fwd,front,105.8,0.9259971167707832,0.9916666666666667,0.9347826086956522,3086,ohc,five,131,mpfi,3.13,3.4,8.3,140.0,5500.0,17,11.7,23875.0,13.823529411764707,mid,False,True,False,True
9,2,192,bmw,two,sedan,rwd,front,101.2,0.849591542527631,0.8999999999999999,0.9080267558528428,2395,ohc,four,108,mpfi,3.5,2.8,8.8,101.0,5800.0,23,8.068965517241379,16430.0,10.217391304347826,low,False,True,True,False
10,0,192,bmw,four,sedan,rwd,front,101.2,0.849591542527631,0.8999999999999999,0.9080267558528428,2395,ohc,four,108,mpfi,3.5,2.8,8.8,101.0,5800.0,23,8.068965517241379,16925.0,10.217391304347826,low,False,True,True,False
11,0,188,bmw,two,sedan,rwd,front,101.2,0.849591542527631,0.8999999999999999,0.9080267558528428,2710,ohc,six,164,mpfi,3.31,3.19,9.0,121.0,4250.0,21,8.357142857142858,20970.0,11.19047619047619,mid,False,True,True,False
12,0,188,bmw,four,sedan,rwd,front,101.2,0.849591542527631,0.8999999999999999,0.9080267558528428,2765,ohc,six,164,mpfi,3.31,3.19,9.0,121.0,4250.0,21,8.357142857142858,21105.0,11.19047619047619,mid,False,True,True,False
13,1,122,bmw,four,sedan,rwd,front,103.5,0.9082172032676598,0.9291666666666667,0.931438127090301,3055,ohc,six,164,mpfi,3.31,3.19,9.0,121.0,4250.0,20,9.36,24565.0,11.75,mid,False,True,True,False
14,0,122,bmw,four,sedan,rwd,front,103.5,0.9082172032676598,0.9291666666666667,0.931438127090301,3230,ohc,six,209,mpfi,3.62,3.39,8.0,182.0,5400.0,16,10.636363636363637,30760.0,14.6875,mid,False,True,True,False
15,0,122,bmw,two,sedan,rwd,front,103.5,0.9312830370014417,0.9430555555555556,0.8979933110367894,3380,ohc,six,209,mpfi,3.62,3.39,8.0,182.0,5400.0,16,10.636363636363637,41315.0,14.6875,mid,False,True,True,False
16,0,122,bmw,four,sedan,rwd,front,110.0,0.9466602594906295,0.9847222222222223,0.9414715719063546,3505,ohc,six,209,mpfi,3.62,3.39,8.0,182.0,5400.0,15,11.7,36880.0,15.666666666666666,mid,False,True,True,False
17,2,121,chevrolet,two,hatchback,fwd,front,88.4,0.6780394041326285,0.8374999999999999,0.8896321070234114,1488,l,three,61,2bbl,2.91,3.03,9.5,48.0,5100.0,47,4.415094339622642,5151.0,5.0,low,False,True,True,False
18,1,98,chevrolet,two,hatchback,fwd,front,94.5,0.7491590581451226,0.8833333333333333,0.8695652173913044,1874,ohc,four,90,2bbl,3.03,3.11,9.6,70.0,5400.0,38,5.441860465116279,6295.0,6.184210526315789,low,False,True,True,False
19,0,81,chevrolet,four,sedan,fwd,front,94.5,0.7630946660259491,0.8833333333333333,0.8695652173913044,1909,ohc,four,90,2bbl,3.03,3.11,9.6,70.0,5400.0,38,5.441860465116279,6575.0,6.184210526315789,low,False,True,True,False
20,1,118,dodge,two,hatchback,fwd,front,93.7,0.7558865929841423,0.8861111111111111,0.8494983277591973,1876,ohc,four,90,2bbl,2.97,3.23,9.41,68.0,5500.0,37,5.7073170731707314,5572.0,6.351351351351352,low,False,True,True,False
21,1,118,dodge,two,hatchback,fwd,front,93.7,0.7558865929841423,0.8861111111111111,0.8494983277591973,1876,ohc,four,90,2bbl,2.97,3.23,9.4,68.0,5500.0,31,6.157894736842105,6377.0,7.580645161290323,low,False,True,True,False
22,1,118,dodge,two,hatchback,fwd,front,93.7,0.7558865929841423,0.8861111111111111,0.8494983277591973,2128,ohc,four,98,mpfi,3.03,3.39,7.6,102.0,5500.0,24,7.8,7957.0,9.791666666666666,low,False,True,False,True
23,1,148,dodge,four,hatchback,fwd,front,93.7,0.7558865929841423,0.8861111111111111,0.8461538461538463,1967,ohc,four,90,2bbl,2.97,3.23,9.4,68.0,5500.0,31,6.157894736842105,6229.0,7.580645161290323,low,False,True,True,False
24,1,148,dodge,four,sedan,fwd,front,93.7,0.7558865929841423,0.8861111111111111,0.8461538461538463,1989,ohc,four,90,2bbl,2.97,3.23,9.4,68.0,5500.0,31,6.157894736842105,6692.0,7.580645161290323,low,False,True,True,False
25,1,148,dodge,four,sedan,fwd,front,93.7,0.7558865929841423,0.8861111111111111,0.8461538461538463,1989,ohc,four,90,2bbl,2.97,3.23,9.4,68.0,5500.0,31,6.157894736842105,7609.0,7.580645161290323,low,False,True,True,False
26,1,148,dodge,four,sedan,fwd,front,93.7,0.7558865929841423,0.8861111111111111,0.8461538461538463,2191,ohc,four,98,mpfi,3.03,3.39,7.6,102.0,5500.0,24,7.8,8558.0,9.791666666666666,low,False,True,False,True
27,-1,110,dodge,four,wagon,fwd,front,103.3,0.8390197020663143,0.8972222222222221,1.0,2535,ohc,four,122,2bbl,3.34,3.46,8.5,88.0,5000.0,24,7.8,8921.0,9.791666666666666,low,False,True,True,False
28,3,145,dodge,two,hatchback,fwd,front,95.9,0.8322921672272945,0.9208333333333333,0.8394648829431439,2811,ohc,four,156,mfi,3.6,3.9,7.0,145.0,5000.0,19,9.75,12964.0,12.368421052631579,mid,False,True,False,True
29,2,137,honda,two,hatchback,fwd,front,86.6,0.6948582412301778,0.8875,0.8494983277591973,1713,ohc,four,92,1bbl,2.91,3.41,9.6,58.0,4800.0,49,4.333333333333333,6479.0,4.795918367346939,low,False,True,True,False
30,2,137,honda,two,hatchback,fwd,front,86.6,0.6948582412301778,0.8875,0.8494983277591973,1819,ohc,four,92,1bbl,2.91,3.41,9.2,76.0,6000.0,31,6.157894736842105,6855.0,7.580645161290323,low,False,True,True,False
31,1,101,honda,two,hatchback,fwd,front,93.7,0.7208073041806824,0.8888888888888888,0.8795986622073579,1837,ohc,four,79,1bbl,2.91,3.07,10.1,60.0,5500.0,38,5.571428571428571,5399.0,6.184210526315789,low,False,True,True,False
32,1,101,honda,two,hatchback,fwd,front,93.7,0.7208073041806824,0.8888888888888888,0.8795986622073579,1940,ohc,four,92,1bbl,2.91,3.41,9.2,76.0,6000.0,30,6.882352941176471,6529.0,7.833333333333333,low,False,True,True,False
33,1,101,honda,two,hatchback,fwd,front,93.7,0.7208073041806824,0.8888888888888888,0.8795986622073579,1956,ohc,four,92,1bbl,2.91,3.41,9.2,76.0,6000.0,30,6.882352941176471,7129.0,7.833333333333333,low,False,True,True,False
34,0,110,honda,four,sedan,fwd,front,96.5,0.7851994233541567,0.8888888888888888,0.911371237458194,2010,ohc,four,92,1bbl,2.91,3.41,9.2,76.0,6000.0,30,6.882352941176471,7295.0,7.833333333333333,low,False,True,True,False
35,0,78,honda,four,wagon,fwd,front,96.5,0.754925516578568,0.8875,0.9749163879598662,2024,ohc,four,92,1bbl,2.92,3.41,9.2,76.0,6000.0,30,6.882352941176471,7295.0,7.833333333333333,low,False,True,True,False
36,0,106,honda,two,hatchback,fwd,front,96.5,0.8049014896684287,0.9055555555555556,0.8913043478260869,2236,ohc,four,110,1bbl,3.15,3.58,9.0,86.0,5800.0,27,7.090909090909091,7895.0,8.703703703703704,low,False,True,True,False
37,0,106,honda,two,hatchback,fwd,front,96.5,0.8049014896684287,0.9055555555555556,0.8913043478260869,2289,ohc,four,110,1bbl,3.15,3.58,9.0,86.0,5800.0,27,7.090909090909091,9095.0,8.703703703703704,low,False,True,True,False
38,0,85,honda,four,sedan,fwd,front,96.5,0.8428640076886112,0.9055555555555556,0.9046822742474917,2304,ohc,four,110,1bbl,3.15,3.58,9.0,86.0,5800.0,27,7.090909090909091,8845.0,8.703703703703704,low,False,True,True,False
39,0,85,honda,four,sedan,fwd,front,96.5,0.8428640076886112,0.8680555555555556,0.9046822742474917,2372,ohc,four,110,1bbl,3.15,3.58,9.0,86.0,5800.0,27,7.090909090909091,10295.0,8.703703703703704,low,False,True,True,False
40,0,85,honda,four,sedan,fwd,front,96.5,0.8428640076886112,0.9055555555555556,0.9046822742474917,2465,ohc,four,110,mpfi,3.15,3.58,9.0,101.0,5800.0,24,8.357142857142858,12945.0,9.791666666666666,low,False,True,True,False
41,1,107,honda,two,sedan,fwd,front,96.5,0.8125901009130225,0.9166666666666666,0.8528428093645485,2293,ohc,four,110,2bbl,3.15,3.58,9.1,100.0,5500.0,25,7.548387096774194,10345.0,9.4,low,False,True,True,False
42,0,122,isuzu,four,sedan,rwd,front,94.3,0.8202787121576165,0.8583333333333333,0.8946488294314382,2337,ohc,four,111,2bbl,3.31,3.23,8.5,78.0,4800.0,24,8.068965517241379,6785.0,9.791666666666666,low,False,True,True,False
43,2,122,isuzu,two,hatchback,rwd,front,96.0,0.8294089380105718,0.9055555555555556,0.8595317725752508,2734,ohc,four,119,spfi,3.43,3.23,9.2,90.0,5000.0,24,8.068965517241379,11048.0,9.791666666666666,low,False,True,True,False
44,0,145,jaguar,four,sedan,rwd,front,113.0,0.9591542527630946,0.9666666666666666,0.882943143812709,4066,dohc,six,258,mpfi,3.63,4.17,8.1,176.0,4750.0,15,12.31578947368421,32250.0,15.666666666666666,mid,False,True,True,False
45,0,122,jaguar,four,sedan,rwd,front,113.0,0.9591542527630946,0.9666666666666666,0.882943143812709,4066,dohc,six,258,mpfi,3.63,4.17,8.1,176.0,4750.0,15,12.31578947368421,35550.0,15.666666666666666,mid,False,True,True,False
46,0,122,jaguar,two,sedan,rwd,front,102.0,0.921191734742912,0.9805555555555555,0.7993311036789298,3950,ohcv,twelve,326,mpfi,3.54,2.76,11.5,262.0,5000.0,13,13.764705882352942,36000.0,18.076923076923077,high,False,True,True,False
47,1,104,mazda,two,hatchback,fwd,front,93.1,0.7645362806343105,0.8916666666666667,0.9046822742474917,1890,ohc,four,91,2bbl,3.03,3.15,9.0,68.0,5000.0,30,7.548387096774194,5195.0,7.833333333333333,low,False,True,True,False
48,1,104,mazda,two,hatchback,fwd,front,93.1,0.7645362806343105,0.8916666666666667,0.9046822742474917,1900,ohc,four,91,2bbl,3.03,3.15,9.0,68.0,5000.0,31,6.157894736842105,6095.0,7.580645161290323,low,False,True,True,False
49,1,104,mazda,two,hatchback,fwd,front,93.1,0.7645362806343105,0.8916666666666667,0.9046822742474917,1905,ohc,four,91,2bbl,3.03,3.15,9.0,68.0,5000.0,31,6.157894736842105,6795.0,7.580645161290323,low,False,True,True,False
50,1,113,mazda,four,sedan,fwd,front,93.1,0.8015377222489188,0.8916666666666667,0.9046822742474917,1945,ohc,four,91,2bbl,3.03,3.15,9.0,68.0,5000.0,31,6.157894736842105,6695.0,7.580645161290323,low,False,True,True,False
51,1,113,mazda,four,sedan,fwd,front,93.1,0.8015377222489188,0.8916666666666667,0.9046822742474917,1950,ohc,four,91,2bbl,3.08,3.15,9.0,68.0,5000.0,31,6.157894736842105,7395.0,7.580645161290323,low,False,True,True,False
52,3,150,mazda,two,hatchback,rwd,front,95.3,0.8121095627102355,0.9125000000000001,0.8294314381270904,2380,rotor,two,70,4bbl,3.3297512437810943,,9.4,101.0,6000.0,17,10.173913043478262,10945.0,13.823529411764707,low,False,True,True,False
53,3,150,mazda,two,hatchback,rwd,front,95.3,0.8121095627102355,0.9125000000000001,0.8294314381270904,2380,rotor,two,70,4bbl,3.3297512437810943,,9.4,101.0,6000.0,17,10.173913043478262,11845.0,13.823529411764707,low,False,True,True,False
54,3,150,mazda,two,hatchback,rwd,front,95.3,0.8121095627102355,0.9125000000000001,0.8294314381270904,2385,rotor,two,70,4bbl,3.3297512437810943,,9.4,101.0,6000.0,17,10.173913043478262,13645.0,13.823529411764707,low,False,True,True,False
55,3,150,mazda,two,hatchback,rwd,front,95.3,0.8121095627102355,0.9125000000000001,0.8294314381270904,2500,rotor,two,80,mpfi,3.3297512437810943,,9.4,135.0,6000.0,16,10.173913043478262,15645.0,14.6875,mid,False,True,True,False
56,1,129,mazda,two,hatchback,fwd,front,98.8,0.8543969245555022,0.9236111111111112,0.8979933110367894,2385,ohc,four,122,2bbl,3.39,3.39,8.6,84.0,4800.0,26,7.3125,8845.0,9.038461538461538,low,False,True,True,False
57,0,115,mazda,four,sedan,fwd,front,98.8,0.8543969245555022,0.9236111111111112,0.9280936454849499,2410,ohc,four,122,2bbl,3.39,3.39,8.6,84.0,4800.0,26,7.3125,8495.0,9.038461538461538,low,False,True,True,False
58,1,129,mazda,two,hatchback,fwd,front,98.8,0.8543969245555022,0.9236111111111112,0.8979933110367894,2385,ohc,four,122,2bbl,3.39,3.39,8.6,84.0,4800.0,26,7.3125,10595.0,9.038461538461538,low,False,True,True,False
59,0,115,mazda,four,sedan,fwd,front,98.8,0.8543969245555022,0.9236111111111112,0.9280936454849499,2410,ohc,four,122,2bbl,3.39,3.39,8.6,84.0,4800.0,26,7.3125,10245.0,9.038461538461538,low,False,True,True,False
60,0,122,mazda,four,sedan,fwd,front,98.8,0.8543969245555022,0.9236111111111112,0.9280936454849499,2443,ohc,four,122,idi,3.39,3.39,22.7,64.0,4650.0,36,5.571428571428571,10795.0,6.527777777777778,low,True,False,True,False
61,0,115,mazda,four,hatchback,fwd,front,98.8,0.8543969245555022,0.9236111111111112,0.9280936454849499,2425,ohc,four,122,2bbl,3.39,3.39,8.6,84.0,4800.0,26,7.3125,11245.0,9.038461538461538,low,False,True,True,False
62,0,118,mazda,four,sedan,rwd,front,104.9,0.8409418548774628,0.9180555555555555,0.9096989966555185,2670,ohc,four,140,mpfi,3.76,3.16,8.0,120.0,5000.0,19,8.666666666666666,18280.0,12.368421052631579,mid,False,True,True,False
63,0,122,mazda,four,sedan,rwd,front,104.9,0.8409418548774628,0.9180555555555555,0.9096989966555185,2700,ohc,four,134,idi,3.43,3.64,22.0,72.0,4200.0,31,6.0,18344.0,7.580645161290323,low,True,False,True,False
64,-1,93,mercedes-benz,four,sedan,rwd,front,110.0,0.9173474291206152,0.9763888888888889,0.9448160535117057,3515,ohc,five,183,idi,3.58,3.64,21.5,123.0,4350.0,22,9.36,25552.0,10.681818181818182,mid,True,False,False,True
65,-1,93,mercedes-benz,four,wagon,rwd,front,110.0,0.9173474291206152,0.9763888888888889,0.9816053511705687,3750,ohc,five,183,idi,3.58,3.64,21.5,123.0,4350.0,22,9.36,28248.0,10.681818181818182,mid,True,False,False,True
66,0,93,mercedes-benz,two,hardtop,rwd,front,106.7,0.9010091302258529,0.9763888888888889,0.9180602006688964,3495,ohc,five,183,idi,3.58,3.64,21.5,123.0,4350.0,22,9.36,28176.0,10.681818181818182,mid,True,False,False,True
67,-1,93,mercedes-benz,four,sedan,rwd,front,115.6,0.9735703988467083,0.9958333333333333,0.9414715719063546,3770,ohc,five,183,idi,3.58,3.64,21.5,123.0,4350.0,22,9.36,31600.0,10.681818181818182,mid,True,False,False,True
68,-1,122,mercedes-benz,four,sedan,rwd,front,115.6,0.9735703988467083,0.9958333333333333,0.9448160535117057,3740,ohcv,eight,234,mpfi,3.46,3.1,8.3,155.0,4750.0,16,13.0,34184.0,14.6875,mid,False,True,True,False
69,3,142,mercedes-benz,two,convertible,rwd,front,96.6,0.8664103796251803,0.9791666666666666,0.8494983277591973,3685,ohcv,eight,234,mpfi,3.46,3.1,8.3,155.0,4750.0,16,13.0,35056.0,14.6875,mid,False,True,True,False
70,0,122,mercedes-benz,four,sedan,rwd,front,120.9,1.0,0.9958333333333333,0.948160535117057,3900,ohcv,eight,308,mpfi,3.8,3.35,8.0,184.0,4500.0,14,14.625,40960.0,16.785714285714285,mid,False,True,True,False
71,1,122,mercedes-benz,two,hardtop,rwd,front,112.0,0.9572320999519461,1.0,0.9264214046822743,3715,ohcv,eight,304,mpfi,3.8,3.35,8.0,184.0,4500.0,14,14.625,45400.0,16.785714285714285,mid,False,True,True,False
72,1,122,mercury,two,hatchback,rwd,front,102.7,0.857280153772225,0.9444444444444444,0.9163879598662207,2910,ohc,four,140,mpfi,3.78,3.12,8.0,175.0,5000.0,19,9.75,16503.0,12.368421052631579,mid,False,True,False,True
73,2,161,mitsubishi,two,hatchback,fwd,front,93.7,0.7558865929841423,0.8944444444444445,0.8494983277591973,1918,ohc,four,92,2bbl,2.97,3.23,9.4,68.0,5500.0,37,5.7073170731707314,5389.0,6.351351351351352,low,False,True,True,False
74,2,161,mitsubishi,two,hatchback,fwd,front,93.7,0.7558865929841423,0.8944444444444445,0.8494983277591973,1944,ohc,four,92,2bbl,2.97,3.23,9.4,68.0,5500.0,31,6.157894736842105,6189.0,7.580645161290323,low,False,True,True,False
75,2,161,mitsubishi,two,hatchback,fwd,front,93.7,0.7558865929841423,0.8944444444444445,0.8494983277591973,2004,ohc,four,92,2bbl,2.97,3.23,9.4,68.0,5500.0,31,6.157894736842105,6669.0,7.580645161290323,low,False,True,True,False
76,1,161,mitsubishi,two,hatchback,fwd,front,93.0,0.7558865929841423,0.8861111111111111,0.8494983277591973,2145,ohc,four,98,spdi,3.03,3.39,7.6,102.0,5500.0,24,7.8,7689.0,9.791666666666666,low,False,True,False,True
77,3,153,mitsubishi,two,hatchback,fwd,front,96.3,0.8313310908217203,0.9083333333333334,0.8260869565217391,2370,ohc,four,110,spdi,3.17,3.46,7.5,116.0,5500.0,23,7.8,9959.0,10.217391304347826,low,False,True,False,True
78,3,153,mitsubishi,two,hatchback,fwd,front,96.3,0.8313310908217203,0.9083333333333334,0.8260869565217391,2328,ohc,four,122,2bbl,3.35,3.46,8.5,88.0,5000.0,25,7.3125,8499.0,9.4,low,False,True,True,False
79,3,122,mitsubishi,two,hatchback,fwd,front,95.9,0.8322921672272945,0.9208333333333333,0.8394648829431439,2833,ohc,four,156,spdi,3.58,3.86,7.0,145.0,5000.0,19,9.75,12629.0,12.368421052631579,mid,False,True,False,True
80,3,122,mitsubishi,two,hatchback,fwd,front,95.9,0.8322921672272945,0.9208333333333333,0.8394648829431439,2921,ohc,four,156,spdi,3.59,3.86,7.0,145.0,5000.0,19,9.75,14869.0,12.368421052631579,mid,False,True,False,True
81,3,122,mitsubishi,two,hatchback,fwd,front,95.9,0.8322921672272945,0.9208333333333333,0.8394648829431439,2926,ohc,four,156,spdi,3.59,3.86,7.0,145.0,5000.0,19,9.75,14489.0,12.368421052631579,mid,False,True,False,True
82,1,125,mitsubishi,four,sedan,fwd,front,96.3,0.8284478616049976,0.9083333333333334,0.8628762541806021,2365,ohc,four,122,2bbl,3.35,3.46,8.5,88.0,5000.0,25,7.3125,6989.0,9.4,low,False,True,True,False
83,1,125,mitsubishi,four,sedan,fwd,front,96.3,0.8284478616049976,0.9083333333333334,0.8628762541806021,2405,ohc,four,122,2bbl,3.35,3.46,8.5,88.0,5000.0,25,7.3125,8189.0,9.4,low,False,True,True,False
84,1,125,mitsubishi,four,sedan,fwd,front,96.3,0.8284478616049976,0.9083333333333334,0.8628762541806021,2403,ohc,four,110,spdi,3.17,3.46,7.5,116.0,5500.0,23,7.8,9279.0,10.217391304347826,low,False,True,False,True
85,-1,137,mitsubishi,four,sedan,fwd,front,96.3,0.8284478616049976,0.9083333333333334,0.8628762541806021,2403,ohc,four,110,spdi,3.17,3.46,7.5,116.0,5500.0,23,7.8,9279.0,10.217391304347826,low,False,True,True,False
86,1,128,nissan,two,sedan,fwd,front,94.5,0.794329649207112,0.8861111111111111,0.911371237458194,1889,ohc,four,97,2bbl,3.15,3.29,9.4,69.0,5200.0,31,6.324324324324325,5499.0,7.580645161290323,low,False,True,True,False
87,1,128,nissan,two,sedan,fwd,front,94.5,0.794329649207112,0.8861111111111111,0.911371237458194,2017,ohc,four,103,idi,2.99,3.47,21.9,55.0,4800.0,45,4.68,7099.0,5.222222222222222,low,True,False,True,False
88,1,128,nissan,two,sedan,fwd,front,94.5,0.794329649207112,0.8861111111111111,0.911371237458194,1918,ohc,four,97,2bbl,3.15,3.29,9.4,69.0,5200.0,31,6.324324324324325,6649.0,7.580645161290323,low,False,True,True,False
89,1,122,nissan,four,sedan,fwd,front,94.5,0.794329649207112,0.8861111111111111,0.911371237458194,1938,ohc,four,97,2bbl,3.15,3.29,9.4,69.0,5200.0,31,6.324324324324325,6849.0,7.580645161290323,low,False,True,True,False
90,1,103,nissan,four,wagon,fwd,front,94.5,0.8178760211436809,0.8861111111111111,0.8946488294314382,2024,ohc,four,97,2bbl,3.15,3.29,9.4,69.0,5200.0,31,6.324324324324325,7349.0,7.580645161290323,low,False,True,True,False
91,1,128,nissan,two,sedan,fwd,front,94.5,0.794329649207112,0.8861111111111111,0.911371237458194,1951,ohc,four,97,2bbl,3.15,3.29,9.4,69.0,5200.0,31,6.324324324324325,7299.0,7.580645161290323,low,False,True,True,False
92,1,128,nissan,two,hatchback,fwd,front,94.5,0.7957712638154734,0.8861111111111111,0.8913043478260869,2028,ohc,four,97,2bbl,3.15,3.29,9.4,69.0,5200.0,31,6.324324324324325,7799.0,7.580645161290323,low,False,True,True,False
93,1,122,nissan,four,sedan,fwd,front,94.5,0.794329649207112,0.8861111111111111,0.911371237458194,1971,ohc,four,97,2bbl,3.15,3.29,9.4,69.0,5200.0,31,6.324324324324325,7499.0,7.580645161290323,low,False,True,True,False
94,1,103,nissan,four,wagon,fwd,front,94.5,0.8178760211436809,0.8861111111111111,0.8946488294314382,2037,ohc,four,97,2bbl,3.15,3.29,9.4,69.0,5200.0,31,6.324324324324325,7999.0,7.580645161290323,low,False,True,True,False
95,2,168,nissan,two,hardtop,fwd,front,95.1,0.7803940413262855,0.8861111111111111,0.8913043478260869,2008,ohc,four,97,2bbl,3.15,3.29,9.4,69.0,5200.0,31,6.324324324324325,8249.0,7.580645161290323,low,False,True,True,False
96,0,106,nissan,four,hatchback,fwd,front,97.2,0.8332532436328689,0.9055555555555556,0.9147157190635452,2324,ohc,four,120,2bbl,3.33,3.47,8.5,97.0,5200.0,27,6.882352941176471,8949.0,8.703703703703704,low,False,True,True,False
97,0,106,nissan,four,sedan,fwd,front,97.2,0.8332532436328689,0.9055555555555556,0.9147157190635452,2302,ohc,four,120,2bbl,3.33,3.47,8.5,97.0,5200.0,27,6.882352941176471,9549.0,8.703703703703704,low,False,True,True,False
98,0,128,nissan,four,sedan,fwd,front,100.4,0.8731379144641999,0.9236111111111112,0.9214046822742475,3095,ohcv,six,181,mpfi,3.43,3.27,9.0,152.0,5200.0,17,10.636363636363637,13499.0,13.823529411764707,mid,False,True,True,False
99,0,108,nissan,four,wagon,fwd,front,100.4,0.8870735223450265,0.9236111111111112,0.9381270903010034,3296,ohcv,six,181,mpfi,3.43,3.27,9.0,152.0,5200.0,17,10.636363636363637,14399.0,13.823529411764707,mid,False,True,True,False
100,0,108,nissan,four,sedan,fwd,front,100.4,0.8870735223450265,0.9236111111111112,0.9214046822742475,3060,ohcv,six,181,mpfi,3.43,3.27,9.0,152.0,5200.0,19,9.36,13499.0,12.368421052631579,mid,False,True,True,False
101,3,194,nissan,two,hatchback,rwd,front,91.3,0.8202787121576165,0.9430555555555556,0.831103678929766,3071,ohcv,six,181,mpfi,3.43,3.27,9.0,160.0,5200.0,19,9.36,17199.0,12.368421052631579,mid,False,True,True,False
102,3,194,nissan,two,hatchback,rwd,front,91.3,0.8202787121576165,0.9430555555555556,0.831103678929766,3139,ohcv,six,181,mpfi,3.43,3.27,7.8,200.0,5200.0,17,10.173913043478262,19699.0,13.823529411764707,high,False,True,False,True
103,1,231,nissan,two,hatchback,rwd,front,99.2,0.857760691975012,0.9430555555555556,0.831103678929766,3139,ohcv,six,181,mpfi,3.43,3.27,9.0,160.0,5200.0,19,9.36,18399.0,12.368421052631579,mid,False,True,True,False
104,0,161,peugot,four,sedan,rwd,front,107.9,0.897164824603556,0.9500000000000001,0.948160535117057,3020,l,four,120,mpfi,3.46,3.19,8.4,97.0,5000.0,19,9.75,11900.0,12.368421052631579,low,False,True,True,False
105,0,161,peugot,four,sedan,rwd,front,107.9,0.897164824603556,0.9500000000000001,0.948160535117057,3197,l,four,152,idi,3.7,3.52,21.0,95.0,4150.0,28,7.090909090909091,13200.0,8.392857142857142,low,True,False,False,True
106,0,122,peugot,four,wagon,rwd,front,114.2,0.9557904853435849,0.9500000000000001,0.9816053511705687,3230,l,four,120,mpfi,3.46,3.19,8.4,97.0,5000.0,19,9.75,12440.0,12.368421052631579,low,False,True,True,False
107,0,122,peugot,four,wagon,rwd,front,114.2,0.9557904853435849,0.9500000000000001,0.9816053511705687,3430,l,four,152,idi,3.7,3.52,21.0,95.0,4150.0,25,9.36,13860.0,9.4,low,True,False,False,True
108,0,161,peugot,four,sedan,rwd,front,107.9,0.897164824603556,0.9500000000000001,0.948160535117057,3075,l,four,120,mpfi,3.46,2.19,8.4,95.0,5000.0,19,9.75,15580.0,12.368421052631579,low,False,True,True,False
109,0,161,peugot,four,sedan,rwd,front,107.9,0.897164824603556,0.9500000000000001,0.948160535117057,3252,l,four,152,idi,3.7,3.52,21.0,95.0,4150.0,28,7.090909090909091,16900.0,8.392857142857142,low,True,False,False,True
110,0,122,peugot,four,wagon,rwd,front,114.2,0.9557904853435849,0.9500000000000001,0.948160535117057,3285,l,four,120,mpfi,3.46,2.19,8.4,95.0,5000.0,19,9.75,16695.0,12.368421052631579,low,False,True,True,False
111,0,122,peugot,four,wagon,rwd,front,114.2,0.9557904853435849,0.9500000000000001,0.9816053511705687,3485,l,four,152,idi,3.7,3.52,21.0,95.0,4150.0,25,9.36,17075.0,9.4,low,True,False,False,True
112,0,161,peugot,four,sedan,rwd,front,107.9,0.897164824603556,0.9500000000000001,0.948160535117057,3075,l,four,120,mpfi,3.46,3.19,8.4,97.0,5000.0,19,9.75,16630.0,12.368421052631579,low,False,True,True,False
113,0,161,peugot,four,sedan,rwd,front,107.9,0.897164824603556,0.9500000000000001,0.948160535117057,3252,l,four,152,idi,3.7,3.52,21.0,95.0,4150.0,28,7.090909090909091,17950.0,8.392857142857142,low,True,False,False,True
114,0,161,peugot,four,sedan,rwd,front,108.0,0.897164824603556,0.9486111111111111,0.9364548494983278,3130,l,four,134,mpfi,3.61,3.21,7.0,142.0,5600.0,18,9.75,18150.0,13.055555555555555,mid,False,True,False,True
115,1,119,plymouth,two,hatchback,fwd,front,93.7,0.7558865929841423,0.8861111111111111,0.8494983277591973,1918,ohc,four,90,2bbl,2.97,3.23,9.4,68.0,5500.0,37,5.7073170731707314,5572.0,6.351351351351352,low,False,True,True,False
116,1,119,plymouth,two,hatchback,fwd,front,93.7,0.7558865929841423,0.8861111111111111,0.8494983277591973,2128,ohc,four,98,spdi,3.03,3.39,7.6,102.0,5500.0,24,7.8,7957.0,9.791666666666666,low,False,True,False,True
117,1,154,plymouth,four,hatchback,fwd,front,93.7,0.7558865929841423,0.8861111111111111,0.8461538461538463,1967,ohc,four,90,2bbl,2.97,3.23,9.4,68.0,5500.0,31,6.157894736842105,6229.0,7.580645161290323,low,False,True,True,False
118,1,154,plymouth,four,sedan,fwd,front,93.7,0.8039404132628545,0.8861111111111111,0.8494983277591973,1989,ohc,four,90,2bbl,2.97,3.23,9.4,68.0,5500.0,31,6.157894736842105,6692.0,7.580645161290323,low,False,True,True,False
119,1,154,plymouth,four,sedan,fwd,front,93.7,0.8039404132628545,0.8861111111111111,0.8494983277591973,2191,ohc,four,98,2bbl,2.97,3.23,9.4,68.0,5500.0,31,6.157894736842105,7609.0,7.580645161290323,low,False,True,True,False
120,-1,74,plymouth,four,wagon,fwd,front,103.3,0.8390197020663143,0.8972222222222221,1.0,2535,ohc,four,122,2bbl,3.35,3.46,8.5,88.0,5000.0,24,7.8,8921.0,9.791666666666666,low,False,True,True,False
121,3,122,plymouth,two,hatchback,rwd,front,95.9,0.8322921672272945,0.9208333333333333,0.8394648829431439,2818,ohc,four,156,spdi,3.59,3.86,7.0,145.0,5000.0,19,9.75,12764.0,12.368421052631579,mid,False,True,False,True
122,3,186,porsche,two,hatchback,rwd,front,94.5,0.8116290245074483,0.9486111111111111,0.8394648829431439,2778,ohc,four,151,mpfi,3.94,3.11,9.5,143.0,5500.0,19,8.666666666666666,22018.0,12.368421052631579,mid,False,True,True,False
123,3,122,porsche,two,hardtop,rwd,rear,89.5,0.8116290245074483,0.9027777777777778,0.8628762541806021,2756,ohcf,six,194,mpfi,3.74,2.9,9.5,207.0,5900.0,17,9.36,32528.0,13.823529411764707,high,False,True,True,False
124,3,122,porsche,two,hardtop,rwd,rear,89.5,0.8116290245074483,0.9027777777777778,0.8628762541806021,2756,ohcf,six,194,mpfi,3.74,2.9,9.5,207.0,5900.0,17,9.36,34028.0,13.823529411764707,high,False,True,True,False
125,3,122,porsche,two,convertible,rwd,rear,89.5,0.8116290245074483,0.9027777777777778,0.8628762541806021,2800,ohcf,six,194,mpfi,3.74,2.9,9.5,207.0,5900.0,17,9.36,37028.0,13.823529411764707,high,False,True,True,False
126,0,122,renault,four,wagon,fwd,front,96.1,0.8721768380586257,0.9236111111111112,0.9230769230769231,2579,ohc,four,132,mpfi,3.46,3.9,8.7,,,23,7.548387096774194,9295.0,10.217391304347826,,False,True,True,False
127,2,122,renault,two,hatchback,fwd,front,96.1,0.849591542527631,0.9249999999999999,0.8444816053511706,2460,ohc,four,132,mpfi,3.46,3.9,8.7,,,23,7.548387096774194,9895.0,10.217391304347826,,False,True,True,False
128,3,150,saab,two,hatchback,fwd,front,99.1,0.8966842864007688,0.9236111111111112,0.9381270903010034,2658,ohc,four,121,mpfi,3.54,3.07,9.31,110.0,5250.0,21,8.357142857142858,11850.0,11.19047619047619,low,False,True,True,False
129,2,104,saab,four,sedan,fwd,front,99.1,0.8966842864007688,0.9236111111111112,0.9381270903010034,2695,ohc,four,121,mpfi,3.54,3.07,9.3,110.0,5250.0,21,8.357142857142858,12170.0,11.19047619047619,low,False,True,True,False
130,3,150,saab,two,hatchback,fwd,front,99.1,0.8966842864007688,0.9236111111111112,0.9381270903010034,2707,ohc,four,121,mpfi,2.54,2.07,9.3,110.0,5250.0,21,8.357142857142858,15040.0,11.19047619047619,low,False,True,True,False
131,2,104,saab,four,sedan,fwd,front,99.1,0.8966842864007688,0.9236111111111112,0.9381270903010034,2758,ohc,four,121,mpfi,3.54,3.07,9.3,110.0,5250.0,21,8.357142857142858,15510.0,11.19047619047619,low,False,True,True,False
132,3,150,saab,two,hatchback,fwd,front,99.1,0.8966842864007688,0.9236111111111112,0.9381270903010034,2808,dohc,four,121,mpfi,3.54,3.07,9.0,160.0,5500.0,19,9.0,18150.0,12.368421052631579,mid,False,True,False,True
133,2,104,saab,four,sedan,fwd,front,99.1,0.8966842864007688,0.9236111111111112,0.9381270903010034,2847,dohc,four,121,mpfi,3.54,3.07,9.0,160.0,5500.0,19,9.0,18620.0,12.368421052631579,mid,False,True,False,True
134,2,83,subaru,two,hatchback,fwd,front,93.7,0.7539644401729938,0.8805555555555555,0.8979933110367894,2050,ohcf,four,97,2bbl,3.62,2.36,9.0,69.0,4900.0,31,6.5,5118.0,7.580645161290323,low,False,True,True,False
135,2,83,subaru,two,hatchback,fwd,front,93.7,0.758769822200865,0.8833333333333333,0.8979933110367894,2120,ohcf,four,108,2bbl,3.62,2.64,8.7,73.0,4400.0,26,7.548387096774194,7053.0,9.038461538461538,low,False,True,True,False
136,2,83,subaru,two,hatchback,4wd,front,93.3,0.7558865929841423,0.8861111111111111,0.931438127090301,2240,ohcf,four,108,2bbl,3.62,2.64,8.7,73.0,4400.0,26,7.548387096774194,7603.0,9.038461538461538,low,False,True,True,False
137,0,102,subaru,four,sedan,fwd,front,97.2,0.8265257087938491,0.9083333333333334,0.8779264214046824,2145,ohcf,four,108,2bbl,3.62,2.64,9.5,82.0,4800.0,32,6.324324324324325,7126.0,7.34375,low,False,True,True,False
138,0,102,subaru,four,sedan,fwd,front,97.2,0.8265257087938491,0.9083333333333334,0.8779264214046824,2190,ohcf,four,108,2bbl,3.62,2.64,9.5,82.0,4400.0,28,7.090909090909091,7775.0,8.392857142857142,low,False,True,True,False
139,0,102,subaru,four,sedan,fwd,front,97.2,0.8265257087938491,0.9083333333333334,0.8779264214046824,2340,ohcf,four,108,mpfi,3.62,2.64,9.0,94.0,5200.0,26,7.3125,9960.0,9.038461538461538,low,False,True,True,False
140,0,102,subaru,four,sedan,4wd,front,97.0,0.8265257087938491,0.9083333333333334,0.9080267558528428,2385,ohcf,four,108,2bbl,3.62,2.64,9.0,82.0,4800.0,24,9.36,9233.0,9.791666666666666,low,False,True,True,False
141,0,102,subaru,four,sedan,4wd,front,97.0,0.8265257087938491,0.9083333333333334,0.9080267558528428,2510,ohcf,four,108,mpfi,3.62,2.64,7.7,111.0,4800.0,24,8.068965517241379,11259.0,9.791666666666666,low,False,True,False,True
142,0,89,subaru,four,wagon,fwd,front,97.0,0.8337337818356559,0.9083333333333334,0.8862876254180603,2290,ohcf,four,108,2bbl,3.62,2.64,9.0,82.0,4800.0,28,7.3125,7463.0,8.392857142857142,low,False,True,True,False
143,0,89,subaru,four,wagon,fwd,front,97.0,0.8337337818356559,0.9083333333333334,0.8862876254180603,2455,ohcf,four,108,mpfi,3.62,2.64,9.0,94.0,5200.0,25,7.548387096774194,10198.0,9.4,low,False,True,True,False
144,0,85,subaru,four,wagon,4wd,front,96.9,0.8342143200384431,0.9083333333333334,0.9180602006688964,2420,ohcf,four,108,2bbl,3.62,2.64,9.0,82.0,4800.0,23,8.068965517241379,8013.0,10.217391304347826,low,False,True,True,False
145,0,85,subaru,four,wagon,4wd,front,96.9,0.8342143200384431,0.9083333333333334,0.9180602006688964,2650,ohcf,four,108,mpfi,3.62,2.64,7.7,111.0,4800.0,23,10.173913043478262,11694.0,10.217391304347826,low,False,True,False,True
146,1,87,toyota,two,hatchback,fwd,front,95.7,0.762614127823162,0.8833333333333333,0.911371237458194,1985,ohc,four,92,2bbl,3.05,3.03,9.0,62.0,4800.0,35,6.0,5348.0,6.714285714285714,low,False,True,True,False
147,1,87,toyota,two,hatchback,fwd,front,95.7,0.762614127823162,0.8833333333333333,0.911371237458194,2040,ohc,four,92,2bbl,3.05,3.03,9.0,62.0,4800.0,31,6.157894736842105,6338.0,7.580645161290323,low,False,True,True,False
148,1,74,toyota,four,hatchback,fwd,front,95.7,0.762614127823162,0.8833333333333333,0.911371237458194,2015,ohc,four,92,2bbl,3.05,3.03,9.0,62.0,4800.0,31,6.157894736842105,6488.0,7.580645161290323,low,False,True,True,False
149,0,77,toyota,four,wagon,fwd,front,95.7,0.8154733301297453,0.8833333333333333,0.988294314381271,2280,ohc,four,92,2bbl,3.05,3.03,9.0,62.0,4800.0,31,6.324324324324325,6918.0,7.580645161290323,low,False,True,True,False
150,0,81,toyota,four,wagon,4wd,front,95.7,0.8154733301297453,0.8833333333333333,0.988294314381271,2290,ohc,four,92,2bbl,3.05,3.03,9.0,62.0,4800.0,27,7.3125,7898.0,8.703703703703704,low,False,True,True,False
151,0,91,toyota,four,wagon,4wd,front,95.7,0.8154733301297453,0.8833333333333333,0.988294314381271,3110,ohc,four,92,2bbl,3.05,3.03,9.0,62.0,4800.0,27,7.3125,8778.0,8.703703703703704,low,False,True,True,False
152,0,91,toyota,four,sedan,fwd,front,95.7,0.7991350312349833,0.8944444444444445,0.8862876254180603,2081,ohc,four,98,2bbl,3.19,3.03,9.0,70.0,4800.0,30,6.324324324324325,6938.0,7.833333333333333,low,False,True,True,False
153,0,91,toyota,four,hatchback,fwd,front,95.7,0.7991350312349833,0.8944444444444445,0.882943143812709,2109,ohc,four,98,2bbl,3.19,3.03,9.0,70.0,4800.0,30,6.324324324324325,7198.0,7.833333333333333,low,False,True,True,False
154,0,91,toyota,four,sedan,fwd,front,95.7,0.7991350312349833,0.8944444444444445,0.8862876254180603,2275,ohc,four,110,idi,3.27,3.35,22.5,56.0,4500.0,34,6.5,7898.0,6.911764705882353,low,True,False,True,False
155,0,91,toyota,four,hatchback,fwd,front,95.7,0.7991350312349833,0.8944444444444445,0.882943143812709,2275,ohc,four,110,idi,3.27,3.35,22.5,56.0,4500.0,38,4.9787234042553195,7788.0,6.184210526315789,low,True,False,True,False
156,0,91,toyota,four,sedan,fwd,front,95.7,0.7991350312349833,0.8944444444444445,0.8862876254180603,2094,ohc,four,98,2bbl,3.19,3.03,9.0,70.0,4800.0,38,4.9787234042553195,7738.0,6.184210526315789,low,False,True,True,False
157,0,91,toyota,four,hatchback,fwd,front,95.7,0.7991350312349833,0.8944444444444445,0.882943143812709,2122,ohc,four,98,2bbl,3.19,3.03,9.0,70.0,4800.0,28,6.882352941176471,8358.0,8.392857142857142,low,False,True,True,False
158,0,91,toyota,four,sedan,fwd,front,95.7,0.7991350312349833,0.8944444444444445,0.882943143812709,2140,ohc,four,98,2bbl,3.19,3.03,9.0,70.0,4800.0,28,6.882352941176471,9258.0,8.392857142857142,low,False,True,True,False
159,1,168,toyota,two,sedan,rwd,front,94.5,0.810667948101874,0.8888888888888888,0.8795986622073579,2169,ohc,four,98,2bbl,3.19,3.03,9.0,70.0,4800.0,29,6.882352941176471,8058.0,8.10344827586207,low,False,True,True,False
160,1,168,toyota,two,hatchback,rwd,front,94.5,0.810667948101874,0.8888888888888888,0.8795986622073579,2204,ohc,four,98,2bbl,3.19,3.03,9.0,70.0,4800.0,29,6.882352941176471,8238.0,8.10344827586207,low,False,True,True,False
161,1,168,toyota,two,sedan,rwd,front,94.5,0.810667948101874,0.8888888888888888,0.8795986622073579,2265,dohc,four,98,mpfi,3.24,3.08,9.4,112.0,6600.0,26,8.068965517241379,9298.0,9.038461538461538,low,False,True,True,False
162,1,168,toyota,two,hatchback,rwd,front,94.5,0.810667948101874,0.8888888888888888,0.8795986622073579,2300,dohc,four,98,mpfi,3.24,3.08,9.4,112.0,6600.0,26,8.068965517241379,9538.0,9.038461538461538,low,False,True,True,False
163,2,134,toyota,two,hardtop,rwd,front,98.4,0.8467083133109082,0.911111111111111,0.8695652173913044,2540,ohc,four,146,mpfi,3.62,3.5,9.3,116.0,4800.0,24,7.8,8449.0,9.791666666666666,low,False,True,True,False
164,2,134,toyota,two,hardtop,rwd,front,98.4,0.8467083133109082,0.911111111111111,0.8695652173913044,2536,ohc,four,146,mpfi,3.62,3.5,9.3,116.0,4800.0,24,7.8,9639.0,9.791666666666666,low,False,True,True,False
165,2,134,toyota,two,hatchback,rwd,front,98.4,0.8467083133109082,0.911111111111111,0.8695652173913044,2551,ohc,four,146,mpfi,3.62,3.5,9.3,116.0,4800.0,24,7.8,9989.0,9.791666666666666,low,False,True,True,False
166,2,134,toyota,two,hardtop,rwd,front,98.4,0.8467083133109082,0.911111111111111,0.8695652173913044,2679,ohc,four,146,mpfi,3.62,3.5,9.3,116.0,4800.0,24,7.8,11199.0,9.791666666666666,low,False,True,True,False
167,2,134,toyota,two,hatchback,rwd,front,98.4,0.8467083133109082,0.911111111111111,0.8695652173913044,2714,ohc,four,146,mpfi,3.62,3.5,9.3,116.0,4800.0,24,7.8,11549.0,9.791666666666666,low,False,True,True,False
168,2,134,toyota,two,convertible,rwd,front,98.4,0.8467083133109082,0.911111111111111,0.8862876254180603,2975,ohc,four,146,mpfi,3.62,3.5,9.3,116.0,4800.0,24,7.8,17669.0,9.791666666666666,low,False,True,True,False
169,-1,65,toyota,four,sedan,fwd,front,102.4,0.8438250840941854,0.9236111111111112,0.9180602006688964,2326,ohc,four,122,mpfi,3.31,3.54,8.7,92.0,4200.0,29,6.882352941176471,8948.0,8.10344827586207,low,False,True,True,False
170,-1,65,toyota,four,sedan,fwd,front,102.4,0.8438250840941854,0.9236111111111112,0.9180602006688964,2480,ohc,four,110,idi,3.27,3.35,22.5,73.0,4500.0,30,7.090909090909091,10698.0,7.833333333333333,low,True,False,False,True
171,-1,65,toyota,four,hatchback,fwd,front,102.4,0.8438250840941854,0.9236111111111112,0.9013377926421405,2414,ohc,four,122,mpfi,3.31,3.54,8.7,92.0,4200.0,27,7.3125,9988.0,8.703703703703704,low,False,True,True,False
172,-1,65,toyota,four,sedan,fwd,front,102.4,0.8438250840941854,0.9236111111111112,0.9180602006688964,2414,ohc,four,122,mpfi,3.31,3.54,8.7,92.0,4200.0,27,7.3125,10898.0,8.703703703703704,low,False,True,True,False
173,-1,65,toyota,four,hatchback,fwd,front,102.4,0.8438250840941854,0.9236111111111112,0.9013377926421405,2458,ohc,four,122,mpfi,3.31,3.54,8.7,92.0,4200.0,27,7.3125,11248.0,8.703703703703704,low,False,True,True,False
174,3,197,toyota,two,hatchback,rwd,front,102.9,0.8817876021143681,0.9402777777777778,0.8695652173913044,2976,dohc,six,171,mpfi,3.27,3.35,9.3,161.0,5200.0,20,9.75,16558.0,11.75,mid,False,True,True,False
175,3,197,toyota,two,hatchback,rwd,front,102.9,0.8817876021143681,0.9402777777777778,0.8695652173913044,3016,dohc,six,171,mpfi,3.27,3.35,9.3,161.0,5200.0,19,9.75,15998.0,12.368421052631579,mid,False,True,True,False
176,-1,90,toyota,four,sedan,rwd,front,104.5,0.9024507448342144,0.9236111111111112,0.9046822742474917,3131,dohc,six,171,mpfi,3.27,3.35,9.2,156.0,5200.0,20,9.75,15690.0,11.75,mid,False,True,True,False
177,-1,122,toyota,four,wagon,rwd,front,104.5,0.9024507448342144,0.9236111111111112,0.9046822742474917,3151,dohc,six,161,mpfi,3.27,3.35,9.2,156.0,5200.0,19,9.75,15750.0,12.368421052631579,mid,False,True,True,False
178,2,122,volkswagen,two,sedan,fwd,front,97.3,0.8250840941854877,0.9097222222222222,0.931438127090301,2261,ohc,four,97,idi,3.01,3.4,23.0,52.0,4800.0,37,5.086956521739131,7775.0,6.351351351351352,low,True,False,True,False
179,2,122,volkswagen,two,sedan,fwd,front,97.3,0.8250840941854877,0.9097222222222222,0.931438127090301,2209,ohc,four,109,mpfi,3.19,3.4,9.0,85.0,5250.0,27,6.882352941176471,7975.0,8.703703703703704,low,False,True,True,False
180,2,94,volkswagen,four,sedan,fwd,front,97.3,0.8250840941854877,0.9097222222222222,0.931438127090301,2264,ohc,four,97,idi,3.01,3.4,23.0,52.0,4800.0,37,5.086956521739131,7995.0,6.351351351351352,low,True,False,True,False
181,2,94,volkswagen,four,sedan,fwd,front,97.3,0.8250840941854877,0.9097222222222222,0.931438127090301,2212,ohc,four,109,mpfi,3.19,3.4,9.0,85.0,5250.0,27,6.882352941176471,8195.0,8.703703703703704,low,False,True,True,False
182,2,94,volkswagen,four,sedan,fwd,front,97.3,0.8250840941854877,0.9097222222222222,0.931438127090301,2275,ohc,four,109,mpfi,3.19,3.4,9.0,85.0,5250.0,27,6.882352941176471,8495.0,8.703703703703704,low,False,True,True,False
183,2,94,volkswagen,four,sedan,fwd,front,97.3,0.8250840941854877,0.9097222222222222,0.931438127090301,2319,ohc,four,97,idi,3.01,3.4,23.0,68.0,4500.0,37,5.571428571428571,9495.0,6.351351351351352,low,True,False,False,True
184,2,94,volkswagen,four,sedan,fwd,front,97.3,0.8250840941854877,0.9097222222222222,0.931438127090301,2300,ohc,four,109,mpfi,3.19,3.4,10.0,100.0,5500.0,26,7.3125,9995.0,9.038461538461538,low,False,True,True,False
185,3,122,volkswagen,two,convertible,fwd,front,94.5,0.7654973570398848,0.8916666666666667,0.9297658862876255,2254,ohc,four,109,mpfi,3.19,3.4,8.5,90.0,5500.0,24,8.068965517241379,11595.0,9.791666666666666,low,False,True,True,False
186,3,256,volkswagen,two,hatchback,fwd,front,94.5,0.7962518020182604,0.8888888888888888,0.8595317725752508,2221,ohc,four,109,mpfi,3.19,3.4,8.5,90.0,5500.0,24,8.068965517241379,9980.0,9.791666666666666,low,False,True,True,False
187,0,122,volkswagen,four,sedan,fwd,front,100.4,0.865929841422393,0.9291666666666667,0.9214046822742475,2661,ohc,five,136,mpfi,3.19,3.4,8.5,110.0,5500.0,19,9.75,13295.0,12.368421052631579,low,False,True,True,False
188,0,122,volkswagen,four,sedan,fwd,front,100.4,0.865929841422393,0.9291666666666667,0.9214046822742475,2579,ohc,four,97,idi,3.01,3.4,23.0,68.0,4500.0,33,6.157894736842105,13845.0,7.121212121212121,low,True,False,False,True
189,0,122,volkswagen,four,wagon,fwd,front,100.4,0.8798654493032196,0.9291666666666667,0.9214046822742475,2563,ohc,four,109,mpfi,3.19,3.4,9.0,88.0,5500.0,25,7.548387096774194,12290.0,9.4,low,False,True,True,False
190,-2,103,volvo,four,sedan,rwd,front,104.3,0.9072561268620856,0.9333333333333333,0.939799331103679,2912,ohc,four,141,mpfi,3.78,3.15,9.5,114.0,5400.0,23,8.357142857142858,12940.0,10.217391304347826,low,False,True,True,False
191,-1,74,volvo,four,wagon,rwd,front,104.3,0.9072561268620856,0.9333333333333333,0.9615384615384616,3034,ohc,four,141,mpfi,3.78,3.15,9.5,114.0,5400.0,23,8.357142857142858,13415.0,10.217391304347826,low,False,True,True,False
192,-2,103,volvo,four,sedan,rwd,front,104.3,0.9072561268620856,0.9333333333333333,0.939799331103679,2935,ohc,four,141,mpfi,3.78,3.15,9.5,114.0,5400.0,24,8.357142857142858,15985.0,9.791666666666666,low,False,True,True,False
193,-1,74,volvo,four,wagon,rwd,front,104.3,0.9072561268620856,0.9333333333333333,0.9615384615384616,3042,ohc,four,141,mpfi,3.78,3.15,9.5,114.0,5400.0,24,8.357142857142858,16515.0,9.791666666666666,low,False,True,True,False
194,-2,103,volvo,four,sedan,rwd,front,104.3,0.9072561268620856,0.9333333333333333,0.939799331103679,3045,ohc,four,130,mpfi,3.62,3.15,7.5,162.0,5100.0,17,10.636363636363637,18420.0,13.823529411764707,mid,False,True,False,True
195,-1,74,volvo,four,wagon,rwd,front,104.3,0.9072561268620856,0.9333333333333333,0.9615384615384616,3157,ohc,four,130,mpfi,3.62,3.15,7.5,162.0,5100.0,17,10.636363636363637,18950.0,13.823529411764707,mid,False,True,False,True
196,-1,95,volvo,four,sedan,rwd,front,109.1,0.9072561268620856,0.9569444444444445,0.9280936454849499,2952,ohc,four,141,mpfi,3.78,3.15,9.5,114.0,5400.0,23,8.357142857142858,16845.0,10.217391304347826,low,False,True,True,False
197,-1,95,volvo,four,sedan,rwd,front,109.1,0.9072561268620856,0.9555555555555555,0.9280936454849499,3049,ohc,four,141,mpfi,3.78,3.15,8.7,160.0,5300.0,19,9.36,19045.0,12.368421052631579,mid,False,True,False,True
198,-1,95,volvo,four,sedan,rwd,front,109.1,0.9072561268620856,0.9569444444444445,0.9280936454849499,3012,ohcv,six,173,mpfi,3.58,2.87,8.8,134.0,5500.0,18,10.173913043478262,21485.0,13.055555555555555,mid,False,True,True,False
199,-1,95,volvo,four,sedan,rwd,front,109.1,0.9072561268620856,0.9569444444444445,0.9280936454849499,3217,ohc,six,145,idi,3.01,3.4,23.0,106.0,4800.0,26,8.666666666666666,22470.0,9.038461538461538,low,True,False,False,True
200,-1,95,volvo,four,sedan,rwd,front,109.1,0.9072561268620856,0.9569444444444445,0.9280936454849499,3062,ohc,four,141,mpfi,3.78,3.15,9.5,114.0,5400.0,19,9.36,22625.0,12.368421052631579,low,False,True,False,True
